<annotation>
	<folder>JPEGImages</folder>
	<filename>00003.jpg</filename>
	<path>/Users/zhangpeng/Desktop/JPEGImages/00003.jpg</path>
	<source>
		<database>Unknown</database>
	</source>
	<size>
		<width>640</width>
		<height>960</height>
		<depth>3</depth>
	</size>
	<segmented>0</segmented>
	<object>
		<name>hat</name>
		<pose>Unspecified</pose>
		<truncated>0</truncated>
		<difficult>0</difficult>
		<bndbox>
			<xmin>414</xmin>
			<ymin>545</ymin>
			<xmax>498</xmax>
			<ymax>594</ymax>
		</bndbox>
	</object>
	<object>
		<name>hat</name>
		<pose>Unspecified</pose>
		<truncated>0</truncated>
		<difficult>0</difficult>
		<bndbox>
			<xmin>242</xmin>
			<ymin>564</ymin>
			<xmax>278</xmax>
			<ymax>584</ymax>
		</bndbox>
	</object>
</annotation>
