<annotation>
	<folder>JPEGImages</folder>
	<filename>00004.jpg</filename>
	<path>/Users/zhangpeng/Desktop/JPEGImages/00004.jpg</path>
	<source>
		<database>Unknown</database>
	</source>
	<size>
		<width>1500</width>
		<height>1118</height>
		<depth>3</depth>
	</size>
	<segmented>0</segmented>
	<object>
		<name>hat</name>
		<pose>Unspecified</pose>
		<truncated>0</truncated>
		<difficult>0</difficult>
		<bndbox>
			<xmin>762</xmin>
			<ymin>109</ymin>
			<xmax>1037</xmax>
			<ymax>278</ymax>
		</bndbox>
	</object>
</annotation>
