<annotation>
	<folder>JPEGImages</folder>
	<filename>00008.jpg</filename>
	<path>/Users/zhangpeng/Desktop/JPEGImages/00008.jpg</path>
	<source>
		<database>Unknown</database>
	</source>
	<size>
		<width>633</width>
		<height>1078</height>
		<depth>3</depth>
	</size>
	<segmented>0</segmented>
	<object>
		<name>hat</name>
		<pose>Unspecified</pose>
		<truncated>0</truncated>
		<difficult>0</difficult>
		<bndbox>
			<xmin>133</xmin>
			<ymin>4</ymin>
			<xmax>500</xmax>
			<ymax>154</ymax>
		</bndbox>
	</object>
</annotation>
