<annotation>
	<folder>JPEGImages</folder>
	<filename>00001.jpg</filename>
	<path>/Users/zhangpeng/Desktop/JPEGImages/00001.jpg</path>
	<source>
		<database>Unknown</database>
	</source>
	<size>
		<width>1024</width>
		<height>768</height>
		<depth>3</depth>
	</size>
	<segmented>0</segmented>
	<object>
		<name>hat</name>
		<pose>Unspecified</pose>
		<truncated>0</truncated>
		<difficult>0</difficult>
		<bndbox>
			<xmin>304</xmin>
			<ymin>53</ymin>
			<xmax>489</xmax>
			<ymax>162</ymax>
		</bndbox>
	</object>
	<object>
		<name>hat</name>
		<pose>Unspecified</pose>
		<truncated>0</truncated>
		<difficult>0</difficult>
		<bndbox>
			<xmin>643</xmin>
			<ymin>99</ymin>
			<xmax>848</xmax>
			<ymax>222</ymax>
		</bndbox>
	</object>
</annotation>
