<annotation>
	<folder>JPEGImages</folder>
	<filename>00002.jpg</filename>
	<path>/Users/zhangpeng/Desktop/JPEGImages/00002.jpg</path>
	<source>
		<database>Unknown</database>
	</source>
	<size>
		<width>600</width>
		<height>400</height>
		<depth>3</depth>
	</size>
	<segmented>0</segmented>
	<object>
		<name>hat</name>
		<pose>Unspecified</pose>
		<truncated>0</truncated>
		<difficult>0</difficult>
		<bndbox>
			<xmin>238</xmin>
			<ymin>67</ymin>
			<xmax>358</xmax>
			<ymax>149</ymax>
		</bndbox>
	</object>
</annotation>
