<annotation>
	<folder>JPEGImages</folder>
	<filename>00007.jpg</filename>
	<path>/Users/zhangpeng/Desktop/JPEGImages/00007.jpg</path>
	<source>
		<database>Unknown</database>
	</source>
	<size>
		<width>1000</width>
		<height>665</height>
		<depth>3</depth>
	</size>
	<segmented>0</segmented>
	<object>
		<name>hat</name>
		<pose>Unspecified</pose>
		<truncated>0</truncated>
		<difficult>0</difficult>
		<bndbox>
			<xmin>222</xmin>
			<ymin>96</ymin>
			<xmax>319</xmax>
			<ymax>175</ymax>
		</bndbox>
	</object>
	<object>
		<name>hat</name>
		<pose>Unspecified</pose>
		<truncated>0</truncated>
		<difficult>0</difficult>
		<bndbox>
			<xmin>508</xmin>
			<ymin>151</ymin>
			<xmax>555</xmax>
			<ymax>179</ymax>
		</bndbox>
	</object>
</annotation>
