<annotation>
	<folder>JPEGImages</folder>
	<filename>00009.jpg</filename>
	<path>/Users/zhangpeng/Desktop/JPEGImages/00009.jpg</path>
	<source>
		<database>Unknown</database>
	</source>
	<size>
		<width>863</width>
		<height>1390</height>
		<depth>3</depth>
	</size>
	<segmented>0</segmented>
	<object>
		<name>hat</name>
		<pose>Unspecified</pose>
		<truncated>0</truncated>
		<difficult>0</difficult>
		<bndbox>
			<xmin>342</xmin>
			<ymin>474</ymin>
			<xmax>543</xmax>
			<ymax>605</ymax>
		</bndbox>
	</object>
	<object>
		<name>hat</name>
		<pose>Unspecified</pose>
		<truncated>0</truncated>
		<difficult>0</difficult>
		<bndbox>
			<xmin>548</xmin>
			<ymin>434</ymin>
			<xmax>724</xmax>
			<ymax>590</ymax>
		</bndbox>
	</object>
</annotation>
