<annotation>
	<folder>JPEGImages</folder>
	<filename>00006.jpg</filename>
	<path>/Users/zhangpeng/Desktop/JPEGImages/00006.jpg</path>
	<source>
		<database>Unknown</database>
	</source>
	<size>
		<width>400</width>
		<height>249</height>
		<depth>3</depth>
	</size>
	<segmented>0</segmented>
	<object>
		<name>hat</name>
		<pose>Unspecified</pose>
		<truncated>0</truncated>
		<difficult>0</difficult>
		<bndbox>
			<xmin>173</xmin>
			<ymin>154</ymin>
			<xmax>208</xmax>
			<ymax>178</ymax>
		</bndbox>
	</object>
	<object>
		<name>hat</name>
		<pose>Unspecified</pose>
		<truncated>0</truncated>
		<difficult>0</difficult>
		<bndbox>
			<xmin>265</xmin>
			<ymin>173</ymin>
			<xmax>290</xmax>
			<ymax>189</ymax>
		</bndbox>
	</object>
</annotation>
