<annotation>
	<folder>JPEGImages</folder>
	<filename>00014.jpg</filename>
	<path>/Users/zhangpeng/Desktop/JPEGImages/00014.jpg</path>
	<source>
		<database>Unknown</database>
	</source>
	<size>
		<width>1300</width>
		<height>956</height>
		<depth>3</depth>
	</size>
	<segmented>0</segmented>
	<object>
		<name>hat</name>
		<pose>Unspecified</pose>
		<truncated>0</truncated>
		<difficult>0</difficult>
		<bndbox>
			<xmin>387</xmin>
			<ymin>10</ymin>
			<xmax>661</xmax>
			<ymax>203</ymax>
		</bndbox>
	</object>
</annotation>
