<annotation>
	<folder>JPEGImages</folder>
	<filename>00018.jpg</filename>
	<path>/Users/zhangpeng/Desktop/JPEGImages/00018.jpg</path>
	<source>
		<database>Unknown</database>
	</source>
	<size>
		<width>683</width>
		<height>1024</height>
		<depth>3</depth>
	</size>
	<segmented>0</segmented>
	<object>
		<name>hat</name>
		<pose>Unspecified</pose>
		<truncated>0</truncated>
		<difficult>0</difficult>
		<bndbox>
			<xmin>141</xmin>
			<ymin>257</ymin>
			<xmax>268</xmax>
			<ymax>333</ymax>
		</bndbox>
	</object>
	<object>
		<name>hat</name>
		<pose>Unspecified</pose>
		<truncated>0</truncated>
		<difficult>0</difficult>
		<bndbox>
			<xmin>331</xmin>
			<ymin>246</ymin>
			<xmax>473</xmax>
			<ymax>332</ymax>
		</bndbox>
	</object>
</annotation>
