<annotation>
	<folder>JPEGImages</folder>
	<filename>00015.jpg</filename>
	<path>/Users/zhangpeng/Desktop/JPEGImages/00015.jpg</path>
	<source>
		<database>Unknown</database>
	</source>
	<size>
		<width>1024</width>
		<height>683</height>
		<depth>3</depth>
	</size>
	<segmented>0</segmented>
	<object>
		<name>hat</name>
		<pose>Unspecified</pose>
		<truncated>0</truncated>
		<difficult>0</difficult>
		<bndbox>
			<xmin>243</xmin>
			<ymin>62</ymin>
			<xmax>405</xmax>
			<ymax>149</ymax>
		</bndbox>
	</object>
	<object>
		<name>hat</name>
		<pose>Unspecified</pose>
		<truncated>0</truncated>
		<difficult>0</difficult>
		<bndbox>
			<xmin>452</xmin>
			<ymin>110</ymin>
			<xmax>584</xmax>
			<ymax>169</ymax>
		</bndbox>
	</object>
	<object>
		<name>hat</name>
		<pose>Unspecified</pose>
		<truncated>0</truncated>
		<difficult>0</difficult>
		<bndbox>
			<xmin>663</xmin>
			<ymin>145</ymin>
			<xmax>808</xmax>
			<ymax>213</ymax>
		</bndbox>
	</object>
</annotation>
