<annotation>
	<folder>JPEGImages</folder>
	<filename>00016.jpg</filename>
	<path>/Users/zhangpeng/Desktop/JPEGImages/00016.jpg</path>
	<source>
		<database>Unknown</database>
	</source>
	<size>
		<width>816</width>
		<height>1024</height>
		<depth>3</depth>
	</size>
	<segmented>0</segmented>
	<object>
		<name>hat</name>
		<pose>Unspecified</pose>
		<truncated>0</truncated>
		<difficult>0</difficult>
		<bndbox>
			<xmin>187</xmin>
			<ymin>93</ymin>
			<xmax>480</xmax>
			<ymax>310</ymax>
		</bndbox>
	</object>
</annotation>
