<annotation>
	<folder>JPEGImages</folder>
	<filename>00017.jpg</filename>
	<path>/Users/zhangpeng/Desktop/JPEGImages/00017.jpg</path>
	<source>
		<database>Unknown</database>
	</source>
	<size>
		<width>270</width>
		<height>194</height>
		<depth>3</depth>
	</size>
	<segmented>0</segmented>
	<object>
		<name>hat</name>
		<pose>Unspecified</pose>
		<truncated>0</truncated>
		<difficult>0</difficult>
		<bndbox>
			<xmin>81</xmin>
			<ymin>26</ymin>
			<xmax>145</xmax>
			<ymax>63</ymax>
		</bndbox>
	</object>
	<object>
		<name>hat</name>
		<pose>Unspecified</pose>
		<truncated>0</truncated>
		<difficult>0</difficult>
		<bndbox>
			<xmin>172</xmin>
			<ymin>3</ymin>
			<xmax>235</xmax>
			<ymax>38</ymax>
		</bndbox>
	</object>
</annotation>
