<annotation>
	<folder>JPEGImages</folder>
	<filename>00021.jpg</filename>
	<path>/Users/zhangpeng/Desktop/JPEGImages/00021.jpg</path>
	<source>
		<database>Unknown</database>
	</source>
	<size>
		<width>1024</width>
		<height>740</height>
		<depth>3</depth>
	</size>
	<segmented>0</segmented>
	<object>
		<name>hat</name>
		<pose>Unspecified</pose>
		<truncated>0</truncated>
		<difficult>0</difficult>
		<bndbox>
			<xmin>237</xmin>
			<ymin>53</ymin>
			<xmax>437</xmax>
			<ymax>187</ymax>
		</bndbox>
	</object>
	<object>
		<name>hat</name>
		<pose>Unspecified</pose>
		<truncated>0</truncated>
		<difficult>0</difficult>
		<bndbox>
			<xmin>603</xmin>
			<ymin>82</ymin>
			<xmax>810</xmax>
			<ymax>227</ymax>
		</bndbox>
	</object>
</annotation>
