<annotation>
	<folder>JPEGImages</folder>
	<filename>00027.jpg</filename>
	<path>/Users/zhangpeng/Desktop/JPEGImages/00027.jpg</path>
	<source>
		<database>Unknown</database>
	</source>
	<size>
		<width>600</width>
		<height>402</height>
		<depth>3</depth>
	</size>
	<segmented>0</segmented>
	<object>
		<name>hat</name>
		<pose>Unspecified</pose>
		<truncated>0</truncated>
		<difficult>0</difficult>
		<bndbox>
			<xmin>323</xmin>
			<ymin>10</ymin>
			<xmax>429</xmax>
			<ymax>66</ymax>
		</bndbox>
	</object>
</annotation>
