<annotation>
	<folder>JPEGImages</folder>
	<filename>00022.jpg</filename>
	<path>/Users/zhangpeng/Desktop/JPEGImages/00022.jpg</path>
	<source>
		<database>Unknown</database>
	</source>
	<size>
		<width>500</width>
		<height>333</height>
		<depth>3</depth>
	</size>
	<segmented>0</segmented>
	<object>
		<name>hat</name>
		<pose>Unspecified</pose>
		<truncated>0</truncated>
		<difficult>0</difficult>
		<bndbox>
			<xmin>130</xmin>
			<ymin>14</ymin>
			<xmax>226</xmax>
			<ymax>89</ymax>
		</bndbox>
	</object>
</annotation>
