<annotation>
	<folder>JPEGImages</folder>
	<filename>00028.jpg</filename>
	<path>/Users/zhangpeng/Desktop/JPEGImages/00028.jpg</path>
	<source>
		<database>Unknown</database>
	</source>
	<size>
		<width>440</width>
		<height>273</height>
		<depth>3</depth>
	</size>
	<segmented>0</segmented>
	<object>
		<name>hat</name>
		<pose>Unspecified</pose>
		<truncated>0</truncated>
		<difficult>0</difficult>
		<bndbox>
			<xmin>330</xmin>
			<ymin>134</ymin>
			<xmax>377</xmax>
			<ymax>169</ymax>
		</bndbox>
	</object>
</annotation>
