<annotation>
	<folder>JPEGImages</folder>
	<filename>00026.jpg</filename>
	<path>/Users/zhangpeng/Desktop/JPEGImages/00026.jpg</path>
	<source>
		<database>Unknown</database>
	</source>
	<size>
		<width>450</width>
		<height>320</height>
		<depth>3</depth>
	</size>
	<segmented>0</segmented>
	<object>
		<name>hat</name>
		<pose>Unspecified</pose>
		<truncated>0</truncated>
		<difficult>0</difficult>
		<bndbox>
			<xmin>145</xmin>
			<ymin>133</ymin>
			<xmax>192</xmax>
			<ymax>163</ymax>
		</bndbox>
	</object>
</annotation>
