<annotation>
	<folder>JPEGImages</folder>
	<filename>00025.jpg</filename>
	<path>/Users/zhangpeng/Desktop/JPEGImages/00025.jpg</path>
	<source>
		<database>Unknown</database>
	</source>
	<size>
		<width>500</width>
		<height>333</height>
		<depth>3</depth>
	</size>
	<segmented>0</segmented>
	<object>
		<name>hat</name>
		<pose>Unspecified</pose>
		<truncated>0</truncated>
		<difficult>0</difficult>
		<bndbox>
			<xmin>58</xmin>
			<ymin>111</ymin>
			<xmax>115</xmax>
			<ymax>146</ymax>
		</bndbox>
	</object>
	<object>
		<name>hat</name>
		<pose>Unspecified</pose>
		<truncated>0</truncated>
		<difficult>0</difficult>
		<bndbox>
			<xmin>287</xmin>
			<ymin>102</ymin>
			<xmax>335</xmax>
			<ymax>151</ymax>
		</bndbox>
	</object>
	<object>
		<name>hat</name>
		<pose>Unspecified</pose>
		<truncated>0</truncated>
		<difficult>0</difficult>
		<bndbox>
			<xmin>350</xmin>
			<ymin>129</ymin>
			<xmax>413</xmax>
			<ymax>178</ymax>
		</bndbox>
	</object>
</annotation>
