<annotation>
	<folder>JPEGImages</folder>
	<filename>00030.jpg</filename>
	<path>/Users/zhangpeng/Desktop/JPEGImages/00030.jpg</path>
	<source>
		<database>Unknown</database>
	</source>
	<size>
		<width>700</width>
		<height>466</height>
		<depth>3</depth>
	</size>
	<segmented>0</segmented>
	<object>
		<name>hat</name>
		<pose>Unspecified</pose>
		<truncated>0</truncated>
		<difficult>0</difficult>
		<bndbox>
			<xmin>158</xmin>
			<ymin>262</ymin>
			<xmax>238</xmax>
			<ymax>326</ymax>
		</bndbox>
	</object>
	<object>
		<name>hat</name>
		<pose>Unspecified</pose>
		<truncated>0</truncated>
		<difficult>0</difficult>
		<bndbox>
			<xmin>149</xmin>
			<ymin>158</ymin>
			<xmax>198</xmax>
			<ymax>192</ymax>
		</bndbox>
	</object>
</annotation>
