<annotation>
	<folder>JPEGImages</folder>
	<filename>00032.jpg</filename>
	<path>/Users/zhangpeng/Desktop/JPEGImages/00032.jpg</path>
	<source>
		<database>Unknown</database>
	</source>
	<size>
		<width>1200</width>
		<height>800</height>
		<depth>3</depth>
	</size>
	<segmented>0</segmented>
	<object>
		<name>hat</name>
		<pose>Unspecified</pose>
		<truncated>0</truncated>
		<difficult>0</difficult>
		<bndbox>
			<xmin>412</xmin>
			<ymin>241</ymin>
			<xmax>490</xmax>
			<ymax>283</ymax>
		</bndbox>
	</object>
	<object>
		<name>hat</name>
		<pose>Unspecified</pose>
		<truncated>0</truncated>
		<difficult>0</difficult>
		<bndbox>
			<xmin>664</xmin>
			<ymin>172</ymin>
			<xmax>750</xmax>
			<ymax>215</ymax>
		</bndbox>
	</object>
</annotation>
