<annotation>
	<folder>JPEGImages</folder>
	<filename>00037.jpg</filename>
	<path>/Users/zhangpeng/Desktop/JPEGImages/00037.jpg</path>
	<source>
		<database>Unknown</database>
	</source>
	<size>
		<width>572</width>
		<height>400</height>
		<depth>3</depth>
	</size>
	<segmented>0</segmented>
	<object>
		<name>hat</name>
		<pose>Unspecified</pose>
		<truncated>0</truncated>
		<difficult>0</difficult>
		<bndbox>
			<xmin>238</xmin>
			<ymin>93</ymin>
			<xmax>359</xmax>
			<ymax>172</ymax>
		</bndbox>
	</object>
	<object>
		<name>hat</name>
		<pose>Unspecified</pose>
		<truncated>0</truncated>
		<difficult>0</difficult>
		<bndbox>
			<xmin>385</xmin>
			<ymin>4</ymin>
			<xmax>550</xmax>
			<ymax>77</ymax>
		</bndbox>
	</object>
</annotation>
