<annotation>
	<folder>JPEGImages</folder>
	<filename>00035.jpg</filename>
	<path>/Users/zhangpeng/Desktop/JPEGImages/00035.jpg</path>
	<source>
		<database>Unknown</database>
	</source>
	<size>
		<width>500</width>
		<height>666</height>
		<depth>3</depth>
	</size>
	<segmented>0</segmented>
	<object>
		<name>hat</name>
		<pose>Unspecified</pose>
		<truncated>0</truncated>
		<difficult>0</difficult>
		<bndbox>
			<xmin>359</xmin>
			<ymin>152</ymin>
			<xmax>416</xmax>
			<ymax>187</ymax>
		</bndbox>
	</object>
</annotation>
