<annotation>
	<folder>JPEGImages</folder>
	<filename>00034.jpg</filename>
	<path>/Users/zhangpeng/Desktop/JPEGImages/00034.jpg</path>
	<source>
		<database>Unknown</database>
	</source>
	<size>
		<width>665</width>
		<height>1000</height>
		<depth>3</depth>
	</size>
	<segmented>0</segmented>
	<object>
		<name>hat</name>
		<pose>Unspecified</pose>
		<truncated>0</truncated>
		<difficult>0</difficult>
		<bndbox>
			<xmin>339</xmin>
			<ymin>69</ymin>
			<xmax>511</xmax>
			<ymax>183</ymax>
		</bndbox>
	</object>
</annotation>
