<annotation>
	<folder>JPEGImages</folder>
	<filename>00033.jpg</filename>
	<path>/Users/zhangpeng/Desktop/JPEGImages/00033.jpg</path>
	<source>
		<database>Unknown</database>
	</source>
	<size>
		<width>450</width>
		<height>320</height>
		<depth>3</depth>
	</size>
	<segmented>0</segmented>
	<object>
		<name>hat</name>
		<pose>Unspecified</pose>
		<truncated>0</truncated>
		<difficult>0</difficult>
		<bndbox>
			<xmin>46</xmin>
			<ymin>61</ymin>
			<xmax>84</xmax>
			<ymax>88</ymax>
		</bndbox>
	</object>
	<object>
		<name>hat</name>
		<pose>Unspecified</pose>
		<truncated>0</truncated>
		<difficult>0</difficult>
		<bndbox>
			<xmin>343</xmin>
			<ymin>47</ymin>
			<xmax>377</xmax>
			<ymax>77</ymax>
		</bndbox>
	</object>
</annotation>
