<annotation>
	<folder>JPEGImages</folder>
	<filename>00036.jpg</filename>
	<path>/Users/zhangpeng/Desktop/JPEGImages/00036.jpg</path>
	<source>
		<database>Unknown</database>
	</source>
	<size>
		<width>400</width>
		<height>282</height>
		<depth>3</depth>
	</size>
	<segmented>0</segmented>
	<object>
		<name>hat</name>
		<pose>Unspecified</pose>
		<truncated>0</truncated>
		<difficult>0</difficult>
		<bndbox>
			<xmin>81</xmin>
			<ymin>25</ymin>
			<xmax>127</xmax>
			<ymax>51</ymax>
		</bndbox>
	</object>
	<object>
		<name>hat</name>
		<pose>Unspecified</pose>
		<truncated>0</truncated>
		<difficult>0</difficult>
		<bndbox>
			<xmin>251</xmin>
			<ymin>15</ymin>
			<xmax>290</xmax>
			<ymax>34</ymax>
		</bndbox>
	</object>
</annotation>
